id,type,title,handoffSource,inHandoff,implementationStatus,coverageClass,implementedSummary,implementationArtifacts,tests,evidence,decisionIds,deviationsOrNotes,remainingGap
OUT-001,outcome,Trygg kontroll över privata återkommande kostnader och enskilda köp,"En privatperson eller ett hushåll ska snabbt förstå vad som dras, vad som kan sägas upp, vad som köps enskilt och hur privatekonomin påverkas över tid, utan konto eller bankkoppling.",yes,implemented_first_slice,handoff_baseline_direct,Trygg kontroll över privata återkommande kostnader och enskilda köp är implementerad i de listade artefakterna.,"index.html; src/app.js; src/domain.js; src/styles.css",,Dev server responded with HTTP 200,"DEC-001; TECH-001",,
JNY-001,journey,Skapa första kontrollbilden,Ny privat användare: Komma från tom app till en första begriplig vy över återkommande kostnader.,yes,implemented_first_slice,handoff_baseline_direct,Skapa första kontrollbilden är implementerad i de listade artefakterna.,"src/app.js; src/domain.js; src/styles.css; tests/domain.test.js",npm test,Dev server responded with HTTP 200,,,
JNY-002,journey,Hitta uppsägningsmöjlighet,Användare med flera abonnemang: Förstå när en kostnad kan tas bort och få minnesstöd.,yes,implemented_by_child_stories,handoff_baseline_rollup,Hitta uppsägningsmöjlighet är täckt genom att samtliga länkade story-ID:n är implementerade.,"src/app.js; src/domain.js; tests/domain.test.js; src/styles.css",npm test,,,,
JNY-003,journey,Importera och rensa köp,Användare med kontoutdrag: Få in faktisk konsumtion och sortera bort sådant som inte behöver granskas.,yes,implemented_by_child_stories,handoff_baseline_rollup,Importera och rensa köp är täckt genom att samtliga länkade story-ID:n är implementerade.,"src/app.js; src/domain.js; src/mastercard-import.js; tests/domain.test.js; tests/mastercard-import.test.js; src/styles.css",npm test,,,,
JNY-004,journey,Skapa återkommande från köp,Användare som upptäcker abonnemang i kontoutdrag: Flytta ett återkommande mönster från historiskt köp till framtidsprognos.,yes,implemented_by_child_stories,handoff_baseline_rollup,Skapa återkommande från köp är täckt genom att samtliga länkade story-ID:n är implementerade.,"src/app.js; src/domain.js; tests/domain.test.js",npm test,,,,
JNY-005,journey,Göra återkommande till enskilt köp,Användare som felklassat en kostnad: Korrigera en post som inte längre ska påverka återkommande prognos.,yes,implemented_by_child_stories,handoff_baseline_rollup,Göra återkommande till enskilt köp är täckt genom att samtliga länkade story-ID:n är implementerade.,"src/app.js; src/domain.js; tests/domain.test.js",npm test,,,,
JNY-006,journey,Analysera påverkan,"Användare som vill prioritera nästa beslut: Se vilka kostnader, handlare, kategorier och perioder som påverkar mest.",yes,implemented_by_child_stories,handoff_baseline_rollup,Analysera påverkan är täckt genom att samtliga länkade story-ID:n är implementerade.,"src/app.js; src/domain.js; tests/domain.test.js",npm test,,,,
JNY-007,journey,Skydda lokal data,"Användare som vill undvika datatapp: Exportera, spara eller flytta data utan konto.",yes,implemented_by_child_stories,handoff_baseline_rollup,Skydda lokal data är täckt genom att samtliga länkade story-ID:n är implementerade.,"src/storage.js; src/app.js; tests/storage.test.js",npm test,,,,
JNY-008,journey,Anpassa signaler och moduler,Power user eller hushållsansvarig: Göra appens språk och funktioner mer relevanta för vardagen.,yes,implemented_by_child_stories,handoff_baseline_rollup,Anpassa signaler och moduler är täckt genom att samtliga länkade story-ID:n är implementerade.,"src/app.js; src/domain.js; tests/domain.test.js",npm test,,,,
EP-001,epic,"Plånbok, onboarding och dataseparering","Scope in: Inkluderar skapa, välja, duplicera och konfigurera plånbok samt första användare. Exkluderar kontobaserad multi-user-synk.",yes,implemented_first_slice,handoff_baseline_direct,"Plånbok, onboarding och dataseparering är implementerad i de listade artefakterna.","src/app.js; src/domain.js; src/storage.js; tests/domain.test.js",npm test,Dev server responded with HTTP 200,DEC-001,,
EP-002,epic,Återkommande utgifter,"Scope in: Inkluderar belopp, period, leverantör, kategori, betalare, datum, status, signaler och anteckningar. Exkluderar fakturaskanning som automatisk källa.",yes,implemented_first_slice,handoff_baseline_direct,Återkommande utgifter är implementerad i de listade artefakterna.,"src/app.js; src/domain.js",,Dev server responded with HTTP 200,,,
EP-003,epic,Tidslinje och översikt,"Scope in: Inkluderar desktop-tidslinje, mobilöversikt, filter, sök, totals och snabblänkar. Exkluderar avancerad kalenderplanering.",yes,implemented_first_slice,handoff_baseline_direct,Tidslinje och översikt är implementerad i de listade artefakterna.,"src/app.js; src/domain.js; src/styles.css",,Dev server responded with HTTP 200,,,
EP-004,epic,"Uppsägning, låsning och påminnelser","Scope in: Inkluderar uppsägningstid, låst period, tidigaste fria månad, avslut, påminnelse och kalenderexport. Exkluderar automatisk uppsägning hos leverantör.",yes,implemented_first_slice,handoff_baseline_direct,"Uppsägning, låsning och påminnelser är implementerad i de listade artefakterna.","src/app.js; src/domain.js",,Dev server responded with HTTP 200,,,
EP-005,epic,Register och återanvändbar metadata,"Scope in: Inkluderar personer, leverantörer, kategorier, färg/ikon, kontaktinfo och kategoriregler. Exkluderar full CRM eller dokumentarkiv.",yes,not_mapped_or_not_implemented,missing_or_unmapped,Register och återanvändbar metadata saknar direkt implementation-map-rad och är inte fullt härledd från barn-ID:n.,,,,,,
EP-006,epic,Enskilda köp och kontoutdragsimport,"Scope in: Inkluderar manuella köp, import från CSV/XLSX/PDF, importförhandsgranskning, deduplicering, kategorisering och köpdetalj. Exkluderar direkt bankintegration.",yes,implemented_by_child_stories,handoff_baseline_rollup,Enskilda köp och kontoutdragsimport är täckt genom att samtliga länkade story-ID:n är implementerade.,"src/app.js; src/domain.js; tests/domain.test.js; src/mastercard-import.js; tests/mastercard-import.test.js",npm test,,,,
EP-007,epic,"Signaler, klassning och konvertering","Scope in: Inkluderar Granska, Onödigt, Återkommande, Värt det, Business, namnbyte av business-signal, köp -> återkommande och återkommande -> köp.",yes,implemented_by_child_stories,handoff_baseline_rollup,"Signaler, klassning och konvertering är täckt genom att samtliga länkade story-ID:n är implementerade.","src/app.js; src/domain.js; tests/domain.test.js",npm test,,,,
EP-008,epic,Statistik och beslutsstöd,"Scope in: Inkluderar återkommande analys, köpstatistik, köpradar, budgetutfall, kategori/person/leverantör, topphandlare och periodtrender.",yes,implemented_first_slice,handoff_baseline_direct,Statistik och beslutsstöd är implementerad i de listade artefakterna.,"src/app.js; src/domain.js",,Dev server responded with HTTP 200,,,
EP-009,epic,"Dataexport, backup, datafil och sync","Scope in: Inkluderar localStorage, JSON/ZIP/CSV/PDF/ICS, datafil, delningsfil, import som ny plånbok och experimentell molnsync via egen endpoint. Exkluderar hosted backend som krav.",yes,not_mapped_or_not_implemented,missing_or_unmapped,"Dataexport, backup, datafil och sync saknar direkt implementation-map-rad och är inte fullt härledd från barn-ID:n.",,,,,,
EP-010,epic,"Responsiv UX, hjälp och tomlägen","Scope in: Inkluderar navigering, modaler, drawer, tomlägen, hjälpvy, mobilanpassade kort och primära actions. Exkluderar marketing-landningssida.",yes,implemented_first_slice,handoff_baseline_direct,"Responsiv UX, hjälp och tomlägen är implementerad i de listade artefakterna.","src/app.js; src/styles.css",,Dev server responded with HTTP 200,,,
EP-011,epic,Simulering och scenarioanalys,"Scope in: Inkluderar simulera bort återkommande utgift, simulerad statistik och återställning. Exkluderar flerårig forecasting med osäkerhetsmodell.",yes,not_mapped_or_not_implemented,missing_or_unmapped,Simulering och scenarioanalys saknar direkt implementation-map-rad och är inte fullt härledd från barn-ID:n.,,,,,,
EP-012,epic,Produktadministration och planflaggor,"Scope in: Inkluderar Data-vy, lokal varning, premium/free-flagga, köp på/av och namn på business-signal. Exkluderar riktig betalvägg.",yes,not_mapped_or_not_implemented,missing_or_unmapped,Produktadministration och planflaggor saknar direkt implementation-map-rad och är inte fullt härledd från barn-ID:n.,,,,,,
EPC-001,epic,Fallback Epic,"Describe what this Epic includes, excludes, or leaves for later.",yes,implemented_by_child_stories,handoff_baseline_rollup,Fallback Epic är täckt genom att samtliga länkade story-ID:n är implementerade.,"src/app.js; src/domain.js; tests/domain.test.js; src/styles.css",npm test,,,,
EPC-002,epic,Fallback Epic,"Describe what this Epic includes, excludes, or leaves for later.",yes,implemented_by_child_stories,handoff_baseline_rollup,Fallback Epic är täckt genom att samtliga länkade story-ID:n är implementerade.,"src/app.js; src/domain.js; tests/domain.test.js",npm test,,,,
EPC-003,epic,Fallback Epic,"Describe what this Epic includes, excludes, or leaves for later.",yes,implemented_by_child_stories,handoff_baseline_rollup,Fallback Epic är täckt genom att samtliga länkade story-ID:n är implementerade.,"src/app.js; src/styles.css; src/domain.js; tests/domain.test.js",npm test,,,,
EPC-004,epic,Fallback Epic,"Describe what this Epic includes, excludes, or leaves for later.",yes,implemented_by_child_stories,handoff_baseline_rollup,Fallback Epic är täckt genom att samtliga länkade story-ID:n är implementerade.,"src/app.js; src/domain.js; tests/domain.test.js; src/styles.css",npm test,,,,
EPC-005,epic,Fallback Epic,"Describe what this Epic includes, excludes, or leaves for later.",yes,implemented_by_child_stories,handoff_baseline_rollup,Fallback Epic är täckt genom att samtliga länkade story-ID:n är implementerade.,"src/app.js; src/domain.js; tests/domain.test.js",npm test,,,,
EPC-006,epic,Fallback Epic,"Describe what this Epic includes, excludes, or leaves for later.",yes,implemented_by_child_stories,handoff_baseline_rollup,Fallback Epic är täckt genom att samtliga länkade story-ID:n är implementerade.,"src/app.js; src/domain.js; tests/domain.test.js; src/styles.css",npm test,,,,
EPC-007,epic,Fallback Epic,"Describe what this Epic includes, excludes, or leaves for later.",yes,implemented_by_child_stories,handoff_baseline_rollup,Fallback Epic är täckt genom att samtliga länkade story-ID:n är implementerade.,"src/app.js; src/domain.js; tests/domain.test.js",npm test,,,,
EPC-008,epic,Fallback Epic,"Describe what this Epic includes, excludes, or leaves for later.",yes,implemented_by_child_stories,handoff_baseline_rollup,Fallback Epic är täckt genom att samtliga länkade story-ID:n är implementerade.,"src/app.js; src/domain.js; tests/domain.test.js",npm test,,,,
EPC-009,epic,Fallback Epic,"Describe what this Epic includes, excludes, or leaves for later.",yes,implemented_by_child_stories,handoff_baseline_rollup,Fallback Epic är täckt genom att samtliga länkade story-ID:n är implementerade.,"src/app.js; src/domain.js; tests/domain.test.js; src/storage.js; tests/storage.test.js",npm test,,,,
EPC-010,epic,Fallback Epic,"Describe what this Epic includes, excludes, or leaves for later.",yes,implemented_by_child_stories,handoff_baseline_rollup,Fallback Epic är täckt genom att samtliga länkade story-ID:n är implementerade.,"src/app.js; src/storage.js; tests/storage.test.js; src/domain.js; tests/domain.test.js; src/styles.css",npm test,,,,
EPC-011,epic,Fallback Epic,"Describe what this Epic includes, excludes, or leaves for later.",yes,implemented_by_child_stories,handoff_baseline_rollup,Fallback Epic är täckt genom att samtliga länkade story-ID:n är implementerade.,"src/app.js; src/styles.css; src/domain.js; tests/domain.test.js",npm test,,,,
EPC-012,epic,Fallback Epic,"Describe what this Epic includes, excludes, or leaves for later.",yes,implemented_by_child_stories,handoff_baseline_rollup,Fallback Epic är täckt genom att samtliga länkade story-ID:n är implementerade.,"src/app.js; src/domain.js; tests/domain.test.js; src/storage.js",npm test,,,,
US-001,story,Skapa första plånboken,"EP-001: Onboarding låter användaren ange plånboksnamn, välja mall och skapa första kontexten.",yes,implemented_first_slice,handoff_baseline_direct,Skapa första plånboken är implementerad i de listade artefakterna.,"src/app.js; src/domain.js",,Dev server responded with HTTP 200,DEC-001,,
US-002,story,Kräva minst en första användare,EP-001: När första plånboken skapas promptas användaren att lägga till minst en person/betalare.,yes,implemented_first_slice,handoff_baseline_direct,Kräva minst en första användare är implementerad i de listade artefakterna.,"src/app.js; src/domain.js",,Dev server responded with HTTP 200,DEC-001,,
US-003,story,Välja aktiv plånbok,EP-001: Kontextväljaren byter aktiv plånbok och alla vyer filtreras till den.,yes,implemented_first_slice,handoff_baseline_direct,Välja aktiv plånbok är implementerad i de listade artefakterna.,"src/app.js; src/storage.js",,Dev server responded with HTTP 200,"DEC-001; DEC-005",,
US-004,story,Konfigurera tidsfönster,EP-001: Plånbokens månader bakåt och framåt kan ändras och påverkar tidslinje/statistik.,yes,implemented_first_slice,handoff_baseline_direct,Konfigurera tidsfönster är implementerad i de listade artefakterna.,"src/app.js; src/domain.js; tests/domain.test.js",npm test,"npm test; Dev server responded with HTTP 200","DEC-001; DEC-005",,
US-043,story,Skapa enskilt köp manuellt,"EP-006: Formulär sparar datum, bokfört datum, handlare, belopp, kategori, betalare, typ, flaggor och anteckning.",yes,implemented_first_slice,handoff_baseline_direct,Skapa enskilt köp manuellt är implementerad i de listade artefakterna.,"src/app.js; src/domain.js; tests/domain.test.js",npm test,"npm test; Dev server responded with HTTP 200",DEC-006,,
US-044,story,Redigera enskilt köp,EP-006: Köpmodalen kan ändra fält och spara utan att tappa import/koppling.,yes,implemented_first_slice,handoff_baseline_direct,Redigera enskilt köp är implementerad i de listade artefakterna.,"src/app.js; src/domain.js; tests/domain.test.js",npm test,"npm test; Dev server responded with HTTP 200",DEC-006,,
US-045,story,Importera kontoutdrag,"EP-006: CSV, XLSX och PDF kan läsas och omvandlas till köptransaktioner.",yes,implemented_first_slice,handoff_baseline_direct,Importera kontoutdrag är implementerad i de listade artefakterna.,"src/app.js; src/domain.js; src/mastercard-import.js; tests/domain.test.js; tests/mastercard-import.test.js",npm test,"npm test; Dev server responded with HTTP 200","DEC-009; DEC-017",,
US-054,story,Markera Onödigt,EP-007: Köp/utgift kan signaleras som onödigt och räknas i signalstatistik.,yes,implemented_first_slice,handoff_baseline_direct,Markera Onödigt är implementerad i de listade artefakterna.,"src/app.js; src/domain.js; tests/domain.test.js",npm test,"npm test; Dev server responded with HTTP 200",DEC-004,,
US-005,story,Duplicera plånbok som mall,EPC-001: Appen kan skapa en ny plånbok med kopierad struktur enligt befintlig mall.,yes,implemented_first_slice,handoff_baseline_direct,Duplicera plånbok som mall är implementerad i de listade artefakterna.,"src/app.js; src/domain.js; tests/domain.test.js",npm test,"npm test; Dev server responded with HTTP 200",DEC-005,,
US-006,story,Radera plånbok säkert,"EPC-001: Radering tar bort relaterade personer, leverantörer, kategorier, utgifter, köp, filer, regler och filterreferenser.",yes,implemented_first_slice,handoff_baseline_direct,Radera plånbok säkert är implementerad i de listade artefakterna.,"src/app.js; src/domain.js; tests/domain.test.js",npm test,"npm test; Dev server responded with HTTP 200",DEC-005,,
US-007,story,Visa tomt startläge,EPC-001: Tom app visar tydlig startyta för ny plånbok eller demo/skip utan döda ytor.,yes,implemented_first_slice,handoff_baseline_direct,Visa tomt startläge är implementerad i de listade artefakterna.,"src/app.js; src/styles.css",,Dev server responded with HTTP 200,DEC-001,,
US-008,story,Skapa återkommande månadsutgift,"EPC-001: Formulär sparar namn, belopp, månad, dragningsdag, period, kategori, betalare och leverantör.",yes,implemented_first_slice,handoff_baseline_direct,Skapa återkommande månadsutgift är implementerad i de listade artefakterna.,"src/app.js; src/domain.js; tests/domain.test.js",npm test,"npm test; Dev server responded with HTTP 200",DEC-001,,
US-009,story,Skapa kvartals- och årsutgift,EPC-001: Val av kvartal/år påverkar periodiserad statistik och kassaflöde korrekt.,yes,implemented_first_slice,handoff_baseline_direct,Skapa kvartals- och årsutgift är implementerad i de listade artefakterna.,"src/app.js; src/domain.js; tests/domain.test.js",npm test,"npm test; Dev server responded with HTTP 200",,,
US-010,story,Skapa engångsperiod,EPC-001: Periodtypen engång ger belopp i aktuell period utan att återkomma.,yes,implemented_first_slice,handoff_baseline_direct,Skapa engångsperiod är implementerad i de listade artefakterna.,"src/app.js; src/domain.js; tests/domain.test.js",npm test,"npm test; Dev server responded with HTTP 200",,,
US-011,story,Spara ofullständig utgift som utkast,EPC-001: Saknas centrala fält sparas status draft och raden kan kompletteras senare.,yes,implemented_first_slice,handoff_baseline_direct,Spara ofullständig utgift som utkast är implementerad i de listade artefakterna.,"src/app.js; src/domain.js; tests/domain.test.js",npm test,"npm test; Dev server responded with HTTP 200",DEC-015,,
US-012,story,Redigera återkommande utgift,EPC-001: Redigering uppdaterar utgift och period utan att skapa dubbletter.,yes,implemented_first_slice,handoff_baseline_direct,Redigera återkommande utgift är implementerad i de listade artefakterna.,"src/app.js; src/domain.js; tests/domain.test.js",npm test,"npm test; Dev server responded with HTTP 200",DEC-002,,
US-013,story,Avsluta återkommande utgift,EPC-002: Avslut sätter slutdatum/status och tidslinjen slutar räkna framtida månader.,yes,implemented_first_slice,handoff_baseline_direct,Avsluta återkommande utgift är implementerad i de listade artefakterna.,"src/app.js; src/domain.js; tests/domain.test.js",npm test,"npm test; Dev server responded with HTTP 200",DEC-003,,
US-014,story,Ta bort återkommande utgift,EPC-002: Borttagning tar bort utgift och relaterade perioder samt kopplar loss eventuella köp.,yes,implemented_first_slice,handoff_baseline_direct,Ta bort återkommande utgift är implementerad i de listade artefakterna.,"src/app.js; src/domain.js; tests/domain.test.js",npm test,"npm test; Dev server responded with HTTP 200",DEC-002,,
US-015,story,Välja betalande person,EPC-002: Utgift kan kopplas till person och synas i personsummeringar/filter.,yes,implemented_first_slice,handoff_baseline_direct,Välja betalande person är implementerad i de listade artefakterna.,"src/app.js; src/domain.js",,Dev server responded with HTTP 200,DEC-001,,
US-016,story,Välja kategori,EPC-002: Utgift kan kopplas till kategori med färg/ikon och räknas i kategoriöversikter.,yes,implemented_first_slice,handoff_baseline_direct,Välja kategori är implementerad i de listade artefakterna.,"src/app.js; src/domain.js",,Dev server responded with HTTP 200,DEC-001,,
US-017,story,Välja eller skapa leverantör i flödet,EPC-002: Användaren kan välja befintlig leverantör eller skapa ny leverantör från utgiftsformuläret.,yes,implemented_first_slice,handoff_baseline_direct,Välja eller skapa leverantör i flödet är implementerad i de listade artefakterna.,"src/app.js; src/domain.js",,Dev server responded with HTTP 200,DEC-001,,
US-018,story,Ange anteckning,EPC-002: Anteckning lagras på utgift och visas i detalj.,yes,implemented_first_slice,handoff_baseline_direct,Ange anteckning är implementerad i de listade artefakterna.,"src/app.js; src/domain.js",,Dev server responded with HTTP 200,,,
US-019,story,Bifoga underlag på utgift,EPC-002: Tillåtna filtyper kan bifogas och visas i utgiftsdetaljen.,yes,implemented_first_slice,handoff_baseline_direct,Bifoga underlag på utgift är implementerad i de listade artefakterna.,"src/app.js; src/domain.js; tests/domain.test.js",npm test,"npm test; Dev server responded with HTTP 200",DEC-015,,
US-020,story,Visa återkommande tidslinje,EPC-002: Desktop visar utgifter som rader och månader som kolumner med belopp/aktivitet.,yes,implemented_first_slice,handoff_baseline_direct,Visa återkommande tidslinje är implementerad i de listade artefakterna.,"src/app.js; src/domain.js; tests/domain.test.js",npm test,"npm test; Dev server responded with HTTP 200","DEC-001; DEC-003",,
US-021,story,Visa mobil översikt,"EPC-003: Mobilvy visar kompakta kort, månadsrader och expanderbara detaljer.",yes,implemented_first_slice,handoff_baseline_direct,Visa mobil översikt är implementerad i de listade artefakterna.,"src/app.js; src/styles.css",,Dev server responded with HTTP 200,,,
US-022,story,Visa månadstotaler,EPC-003: Månadsrubriker eller sammanfattningar visar totals för vald period.,yes,implemented_first_slice,handoff_baseline_direct,Visa månadstotaler är implementerad i de listade artefakterna.,"src/app.js; src/domain.js; tests/domain.test.js",npm test,"npm test; Dev server responded with HTTP 200",DEC-001,,
US-023,story,Filtrera på kategori,"EPC-003: Kategorifilter påverkar tidslinje, översikt och relevanta summeringar.",yes,implemented_first_slice,handoff_baseline_direct,Filtrera på kategori är implementerad i de listade artefakterna.,"src/app.js; src/domain.js",,Dev server responded with HTTP 200,,,
US-024,story,Filtrera på betalare,EPC-003: Betalarfilter visar endast matchande utgifter/köp där relevant.,yes,implemented_first_slice,handoff_baseline_direct,Filtrera på betalare är implementerad i de listade artefakterna.,"src/app.js; src/domain.js",,Dev server responded with HTTP 200,,,
US-025,story,Filtrera på signal,EPC-003: Signalfilter påverkar köp/översikt och släcks visuellt när det avmarkeras.,yes,implemented_first_slice,handoff_baseline_direct,Filtrera på signal är implementerad i de listade artefakterna.,"src/app.js; src/domain.js",,Dev server responded with HTTP 200,DEC-004,,
US-026,story,Söka i utgifter och köp,"EPC-003: Sök matchar namn, leverantör, handlare, kategori och relaterad text.",yes,implemented_first_slice,handoff_baseline_direct,Söka i utgifter och köp är implementerad i de listade artefakterna.,"src/app.js; src/domain.js",,Dev server responded with HTTP 200,DEC-001,,
US-027,story,Dölja historiska månader,EPC-003: Toggle tar bort tidigare månader från tidslinjens fokus.,yes,implemented_first_slice,handoff_baseline_direct,Dölja historiska månader är implementerad i de listade artefakterna.,src/app.js,,Dev server responded with HTTP 200,,,
US-028,story,Öppna detaljdrawer från tidslinje,"EPC-003: Klick på rad/cell öppnar detalj med redigera, avsluta, ta bort och filhantering.",yes,implemented_first_slice,handoff_baseline_direct,Öppna detaljdrawer från tidslinje är implementerad i de listade artefakterna.,"src/app.js; src/styles.css",,Dev server responded with HTTP 200,,,
US-029,story,Snabbregistrera från global action,"EPC-004: Quick action erbjuder återkommande utgift, enskilt köp och import.",yes,implemented_first_slice,handoff_baseline_direct,Snabbregistrera från global action är implementerad i de listade artefakterna.,src/app.js,,Dev server responded with HTTP 200,DEC-001,,
US-030,story,Ange uppsägningstid,EPC-004: Utgift kan ha uppsägningstid i dagar eller månader.,yes,implemented_first_slice,handoff_baseline_direct,Ange uppsägningstid är implementerad i de listade artefakterna.,"src/app.js; src/domain.js",,Dev server responded with HTTP 200,DEC-001,,
US-031,story,Beräkna tidigaste kostnadsfria månad,EPC-004: Appen beräknar första månad utan kostnad baserat på dagens datum och uppsägningstid.,yes,implemented_first_slice,handoff_baseline_direct,Beräkna tidigaste kostnadsfria månad är implementerad i de listade artefakterna.,"src/app.js; src/domain.js; tests/domain.test.js",npm test,"npm test; Dev server responded with HTTP 200",DEC-001,,
US-032,story,Visa låst period,EPC-004: Månader som inte kan frigöras än markeras låsta.,yes,implemented_first_slice,handoff_baseline_direct,Visa låst period är implementerad i de listade artefakterna.,"src/app.js; src/domain.js; tests/domain.test.js",npm test,"npm test; Dev server responded with HTTP 200","DEC-001; DEC-003",,
US-064,story,Visa återkommande analys,"EPC-004: Statistik visar periodiserad period, månadssnitt, årstakt och signalmix.",yes,implemented_first_slice,handoff_baseline_direct,Visa återkommande analys är implementerad i de listade artefakterna.,"src/app.js; src/domain.js; tests/domain.test.js",npm test,"npm test; Dev server responded with HTTP 200",DEC-001,,
US-033,story,Skapa uppsägningspåminnelse,EPC-004: Relevant påminnelse skapas kopplat till utgift och kan markeras klar.,yes,implemented_first_slice,handoff_baseline_direct,Skapa uppsägningspåminnelse är implementerad i de listade artefakterna.,"src/app.js; src/domain.js; tests/domain.test.js",npm test,"npm test; Dev server responded with HTTP 200",DEC-012,,
US-034,story,Exportera påminnelser till kalender,EPC-004: Appen kan exportera .ics för påminnelser.,yes,implemented_first_slice,handoff_baseline_direct,Exportera påminnelser till kalender är implementerad i de listade artefakterna.,"src/app.js; src/domain.js; tests/domain.test.js",npm test,"npm test; Dev server responded with HTTP 200",DEC-012,,
US-035,story,Visa saknad uppsägningsinformation,EPC-004: Poster utan uppsägningsdata eller instruktion kan flaggas som förbättringskandidater.,yes,implemented_first_slice,handoff_baseline_direct,Visa saknad uppsägningsinformation är implementerad i de listade artefakterna.,"src/app.js; src/styles.css",,Dev server responded with HTTP 200,DEC-003,,
US-036,story,Skapa och redigera person,"EPC-005: Register låter användaren skapa, ändra och inaktivera personer.",yes,implemented_first_slice,handoff_baseline_direct,Skapa och redigera person är implementerad i de listade artefakterna.,"src/app.js; src/domain.js; tests/domain.test.js",npm test,"npm test; Dev server responded with HTTP 200",DEC-005,,
US-037,story,Ange månadsbudget per person,EPC-005: Person kan ha disponibel månadsinkomst/budget som används i statistik.,yes,implemented_first_slice,handoff_baseline_direct,Ange månadsbudget per person är implementerad i de listade artefakterna.,"src/app.js; src/domain.js; tests/domain.test.js",npm test,"npm test; Dev server responded with HTTP 200",DEC-005,,
US-038,story,Skapa och redigera leverantör,"EPC-005: Register hanterar namn, typ, ikon, färg, kontaktinfo och notes.",yes,implemented_first_slice,handoff_baseline_direct,Skapa och redigera leverantör är implementerad i de listade artefakterna.,"src/app.js; src/domain.js; tests/domain.test.js",npm test,"npm test; Dev server responded with HTTP 200",DEC-005,,
US-039,story,Spara uppsägningsinstruktion för leverantör,EPC-005: Leverantör kan bära instruktion som visas vid relevant utgift.,yes,implemented_first_slice,handoff_baseline_direct,Spara uppsägningsinstruktion för leverantör är implementerad i de listade artefakterna.,"src/app.js; src/domain.js; tests/domain.test.js",npm test,"npm test; Dev server responded with HTTP 200",DEC-005,,
US-040,story,Skapa och redigera kategori,"EPC-005: Kategori har namn, ikon och färg och används i utgifter/köp.",yes,implemented_first_slice,handoff_baseline_direct,Skapa och redigera kategori är implementerad i de listade artefakterna.,"src/app.js; src/domain.js; tests/domain.test.js",npm test,"npm test; Dev server responded with HTTP 200",DEC-005,,
US-041,story,Skapa standardregister i ny plånbok,EPC-005: Ny state berikas med vanliga leverantörer och standardkategorier utan att radera användardata.,yes,implemented_first_slice,handoff_baseline_direct,Skapa standardregister i ny plånbok är implementerad i de listade artefakterna.,"src/domain.js; src/app.js",,Dev server responded with HTTP 200,DEC-005,,
US-042,story,Skapa handlare/kategoriregel,EPC-005: Appen sparar mönster för handlare och kan återanvända kategori/leverantör.,yes,implemented_first_slice,handoff_baseline_direct,Skapa handlare/kategoriregel är implementerad i de listade artefakterna.,"src/app.js; src/domain.js; tests/domain.test.js",npm test,"npm test; Dev server responded with HTTP 200",DEC-015,,
US-046,story,Förhandsgranska import,"EPC-005: Appen visar antal köp, totalsumma, ignorerade rader och radlista före importcommit.",yes,implemented_first_slice,handoff_baseline_direct,Förhandsgranska import är implementerad i de listade artefakterna.,"src/app.js; src/domain.js; tests/domain.test.js",npm test,"npm test; Dev server responded with HTTP 200","DEC-009; DEC-017",,
US-047,story,Deduplicera importerade köp,"EPC-006: Fingerprint på datum, bokfört datum, belopp och handlare används för att hoppa över dubbletter.",yes,implemented_first_slice,handoff_baseline_direct,Deduplicera importerade köp är implementerad i de listade artefakterna.,"src/app.js; src/domain.js; tests/domain.test.js",npm test,"npm test; Dev server responded with HTTP 200","DEC-009; DEC-017",,
US-048,story,Högerjustera belopp i import på mobil,EPC-006: Mobil importlista lägger belopp på egen/högerjusterad yta utan överlapp.,yes,implemented_first_slice,handoff_baseline_direct,Högerjustera belopp i import på mobil är implementerad i de listade artefakterna.,"src/app.js; src/styles.css",,Dev server responded with HTTP 200,,,
US-049,story,Koppla köp till betalare,EPC-006: Importerade/manuella köp får defaultbetalare och kan ändras.,yes,implemented_first_slice,handoff_baseline_direct,Koppla köp till betalare är implementerad i de listade artefakterna.,"src/app.js; src/domain.js",,Dev server responded with HTTP 200,DEC-006,,
US-050,story,Koppla köp till leverantör,EPC-006: Köp kan välja leverantör eller föreslå ny leverantör från handlare.,yes,implemented_first_slice,handoff_baseline_direct,Koppla köp till leverantör är implementerad i de listade artefakterna.,"src/app.js; src/domain.js",,Dev server responded with HTTP 200,DEC-006,,
US-051,story,Uppdatera kategori för samma handlare,EPC-006: Vid köpredigering kan användaren applicera kategori på alla köp från samma handlare utan tung boxad UI.,yes,implemented_first_slice,handoff_baseline_direct,Uppdatera kategori för samma handlare är implementerad i de listade artefakterna.,"src/app.js; src/domain.js; tests/domain.test.js",npm test,"npm test; Dev server responded with HTTP 200",DEC-015,,
US-052,story,Lista och filtrera köp,"EPC-006: Inköpsvyn visar köpradar, sök, lista, signaler och redigering.",yes,implemented_first_slice,handoff_baseline_direct,Lista och filtrera köp är implementerad i de listade artefakterna.,"src/app.js; src/domain.js; tests/domain.test.js",npm test,"npm test; Dev server responded with HTTP 200",DEC-006,,
US-053,story,Markera Granska,EPC-006: Köp kan flaggas för granskning och visas i köpradar/filter.,yes,implemented_first_slice,handoff_baseline_direct,Markera Granska är implementerad i de listade artefakterna.,"src/app.js; src/domain.js; tests/domain.test.js",npm test,"npm test; Dev server responded with HTTP 200",DEC-004,,
US-055,story,Markera Återkommande signal,EPC-006: Köp kan flaggas återkommande och visas med samma signalmönster som andra signaler.,yes,implemented_first_slice,handoff_baseline_direct,Markera Återkommande signal är implementerad i de listade artefakterna.,"src/app.js; src/domain.js; tests/domain.test.js",npm test,"npm test; Dev server responded with HTTP 200",DEC-015,,
US-056,story,Markera Värt det,EPC-007: Värt det-signal kan sättas/släckas och summeras separat.,yes,implemented_first_slice,handoff_baseline_direct,Markera Värt det är implementerad i de listade artefakterna.,"src/app.js; src/domain.js; tests/domain.test.js",npm test,"npm test; Dev server responded with HTTP 200",DEC-004,,
US-057,story,Markera Business,EPC-007: Business-signal kan sättas/släckas och påverka filter/statistik.,yes,implemented_first_slice,handoff_baseline_direct,Markera Business är implementerad i de listade artefakterna.,"src/app.js; src/domain.js; tests/domain.test.js",npm test,"npm test; Dev server responded with HTTP 200",DEC-004,,
US-058,story,Byta namn på Business-signal,EPC-007: Data-vyn låter användaren namnge business-signalen exempelvis Utlägg.,yes,implemented_first_slice,handoff_baseline_direct,Byta namn på Business-signal är implementerad i de listade artefakterna.,"src/app.js; src/domain.js; tests/domain.test.js",npm test,"npm test; Dev server responded with HTTP 200",DEC-013,,
US-059,story,Släcka signal visuellt när samma signal klickas igen,EPC-007: Samma signal/tile togglar av och ser inte längre aktiv ut.,yes,implemented_first_slice,handoff_baseline_direct,Släcka signal visuellt när samma signal klickas igen är implementerad i de listade artefakterna.,"src/app.js; src/domain.js; tests/domain.test.js",npm test,"npm test; Dev server responded with HTTP 200",DEC-004,,
US-060,story,Konvertera köp till återkommande utgift,EPC-007: Ett köp kan skapa ny återkommande utgift med köpets datum som första betalningsdatum och köpets data förifylld.,yes,implemented_first_slice,handoff_baseline_direct,Konvertera köp till återkommande utgift är implementerad i de listade artefakterna.,"src/app.js; src/domain.js; tests/domain.test.js",npm test,"npm test; Dev server responded with HTTP 200",DEC-014,,
US-061,story,Koppla originalköp som första betalning,EPC-007: När köp konverteras länkas originalköpet till den nya återkommande utgiften.,yes,implemented_first_slice,handoff_baseline_direct,Koppla originalköp som första betalning är implementerad i de listade artefakterna.,"src/app.js; src/domain.js; tests/domain.test.js",npm test,"npm test; Dev server responded with HTTP 200",DEC-014,,
US-062,story,Konvertera återkommande utgift till enskilt köp,EPC-007: En återkommande utgift kan göras om till enskilt köp och eventuella länkade köp kopplas loss.,yes,implemented_first_slice,handoff_baseline_direct,Konvertera återkommande utgift till enskilt köp är implementerad i de listade artefakterna.,"src/app.js; src/domain.js; tests/domain.test.js",npm test,"npm test; Dev server responded with HTTP 200",DEC-014,,
US-063,story,Välja transaktionstyp,EPC-007: Köp har typfält och statistik/import filtrerar bort ignorerade rader.,yes,implemented_first_slice,handoff_baseline_direct,Välja transaktionstyp är implementerad i de listade artefakterna.,"src/app.js; src/domain.js",,Dev server responded with HTTP 200,"DEC-006; DEC-017",,
US-065,story,Visa kategori- och leverantörstoppar för återkommande,EPC-008: Kategorier och leverantörer rankas på total periodkostnad och visar månads-/årstakt.,yes,implemented_first_slice,handoff_baseline_direct,Visa kategori- och leverantörstoppar för återkommande är implementerad i de listade artefakterna.,"src/app.js; src/domain.js; tests/domain.test.js",npm test,"npm test; Dev server responded with HTTP 200",DEC-007,,
US-066,story,Visa återkommande vs köp,EPC-008: Statistik visar periodtotal för återkommande och enskilda köp sida vid sida.,yes,implemented_first_slice,handoff_baseline_direct,Visa återkommande vs köp är implementerad i de listade artefakterna.,"src/app.js; src/domain.js; tests/domain.test.js",npm test,"npm test; Dev server responded with HTTP 200",DEC-007,,
US-067,story,Rankar handlare efter mest pengar,EPC-008: Mest pengar sorterar strikt på totalbelopp över vald period.,yes,implemented_first_slice,handoff_baseline_direct,Rankar handlare efter mest pengar är implementerad i de listade artefakterna.,"src/app.js; src/domain.js; tests/domain.test.js",npm test,"npm test; Dev server responded with HTTP 200",DEC-007,,
US-068,story,Rankar handlare efter flest transaktioner,"EPC-008: Flest transaktioner sorterar på antal, med total som tie-breaker.",yes,implemented_first_slice,handoff_baseline_direct,Rankar handlare efter flest transaktioner är implementerad i de listade artefakterna.,"src/app.js; src/domain.js; tests/domain.test.js",npm test,"npm test; Dev server responded with HTTP 200",DEC-007,,
US-069,story,Rankar kategorier efter mest pengar och antal,EPC-008: Kategorilistor sorterar separat efter totalbelopp respektive antal.,yes,implemented_first_slice,handoff_baseline_direct,Rankar kategorier efter mest pengar och antal är implementerad i de listade artefakterna.,"src/app.js; src/domain.js; tests/domain.test.js",npm test,"npm test; Dev server responded with HTTP 200",DEC-007,,
US-070,story,Visa köpintelligens,"EPC-008: KPI:er visar total köpvolym, transaktioner, medelköp och antal handlare.",yes,implemented_first_slice,handoff_baseline_direct,Visa köpintelligens är implementerad i de listade artefakterna.,"src/app.js; src/domain.js",,Dev server responded with HTTP 200,DEC-007,,
US-071,story,Visa handlare efter påverkan,"EPC-008: Handlarlista visar total, antal, aktiva månader, snitt och trend/sparkline.",yes,implemented_first_slice,handoff_baseline_direct,Visa handlare efter påverkan är implementerad i de listade artefakterna.,"src/app.js; src/domain.js",,Dev server responded with HTTP 200,DEC-007,,
US-072,story,Visa köp per månad och år,"EPC-008: Periodsammanfattningar visar total, snitt och topphandlare per månad/år.",yes,implemented_first_slice,handoff_baseline_direct,Visa köp per månad och år är implementerad i de listade artefakterna.,"src/app.js; src/domain.js; tests/domain.test.js",npm test,"npm test; Dev server responded with HTTP 200",DEC-007,,
US-073,story,Visa köpradar,"EPC-009: Köpradar visar Granska, Onödigt, Återkommande, Värt det och Business/Utlägg med antal eller belopp.",yes,implemented_first_slice,handoff_baseline_direct,Visa köpradar är implementerad i de listade artefakterna.,"src/app.js; src/domain.js; tests/domain.test.js",npm test,"npm test; Dev server responded with HTTP 200",DEC-015,,
US-074,story,Visa budgetutfall,EPC-009: Statistik jämför budgetbidrag mot återkommande + köp och visar utfall per månad.,yes,implemented_first_slice,handoff_baseline_direct,Visa budgetutfall är implementerad i de listade artefakterna.,"src/app.js; src/domain.js; tests/domain.test.js",npm test,"npm test; Dev server responded with HTTP 200",DEC-007,,
US-075,story,Visa beslutsinsikter,"EPC-009: Panel visar prioriterade insikter kring leverantör, dragningsdag, köp, toppmånad eller uppsägningskandidat.",yes,implemented_first_slice,handoff_baseline_direct,Visa beslutsinsikter är implementerad i de listade artefakterna.,"src/app.js; src/domain.js",,Dev server responded with HTTP 200,DEC-007,,
US-076,story,Spara lokalt utan konto,EPC-009: Appen fungerar lokalt med localStorage och kräver ingen inloggning.,yes,implemented_first_slice,handoff_baseline_direct,Spara lokalt utan konto är implementerad i de listade artefakterna.,"src/storage.js; src/app.js",,Dev server responded with HTTP 200,"DEC-001; TECH-001; DEC-002",,
US-077,story,Exportera JSON,"EPC-009: Export innehåller kontext, register, utgifter, perioder, filer, köp och regler.",yes,implemented_first_slice,handoff_baseline_direct,Exportera JSON är implementerad i de listade artefakterna.,"src/app.js; src/storage.js",,Dev server responded with HTTP 200,DEC-008,,
US-078,story,Exportera ZIP med filer,EPC-009: ZIP innehåller context.json och bifogade filer.,yes,implemented_first_slice,handoff_baseline_direct,Exportera ZIP med filer är implementerad i de listade artefakterna.,"src/app.js; src/storage.js; tests/storage.test.js",npm test,"npm test; Dev server responded with HTTP 200",DEC-016,,
US-079,story,Importera som ny plånbok,EPC-009: Import remappar ID:n och skapar ny kontext bredvid befintlig data.,yes,implemented_first_slice,handoff_baseline_direct,Importera som ny plånbok är implementerad i de listade artefakterna.,"src/app.js; src/storage.js; tests/storage.test.js",npm test,"npm test; Dev server responded with HTTP 200",DEC-008,,
US-080,story,Exportera CSV,EPC-009: CSV innehåller återkommande utgifter och köp med relevanta kolumner.,yes,implemented_first_slice,handoff_baseline_direct,Exportera CSV är implementerad i de listade artefakterna.,"src/app.js; src/storage.js; tests/storage.test.js",npm test,"npm test; Dev server responded with HTTP 200",DEC-011,,
US-081,story,Exportera PDF-rapport,"EPC-010: PDF genereras med plånbok, totals och rapportmetadata.",yes,implemented_first_slice,handoff_baseline_direct,Exportera PDF-rapport är implementerad i de listade artefakterna.,"src/app.js; src/storage.js; tests/storage.test.js",npm test,"npm test; Dev server responded with HTTP 200",DEC-016,,
US-082,story,Skapa fristående datafil,EPC-010: Användaren kan spara en JSON-datafil via File System Access API där det stöds.,yes,implemented_first_slice,handoff_baseline_direct,Skapa fristående datafil är implementerad i de listade artefakterna.,"src/app.js; src/storage.js; tests/storage.test.js",npm test,"npm test; Dev server responded with HTTP 200",DEC-008,,
US-083,story,Återansluta datafil,EPC-010: Appen kan öppna tidigare datafil och autospara efter ändringar när rättighet finns.,yes,implemented_first_slice,handoff_baseline_direct,Återansluta datafil är implementerad i de listade artefakterna.,"src/app.js; src/storage.js; tests/storage.test.js",npm test,"npm test; Dev server responded with HTTP 200",DEC-016,,
US-084,story,Dela datafil/handoff,EPC-010: Appen kan skapa delningsbar fil/HTML-handoff som kan läsas tillbaka.,yes,implemented_first_slice,handoff_baseline_direct,Dela datafil/handoff är implementerad i de listade artefakterna.,"src/app.js; src/storage.js",,Dev server responded with HTTP 200,DEC-008,,
US-085,story,Konfigurera experimentell molnsync,"EPC-010: Användaren kan ange endpoint/token, pulla, pusha, se status och koppla från.",yes,implemented_first_slice,handoff_baseline_direct,Konfigurera experimentell molnsync är implementerad i de listade artefakterna.,"src/app.js; src/domain.js; tests/domain.test.js",npm test,"npm test; Dev server responded with HTTP 200",DEC-016,,
US-086,story,Hantera molnkonflikt,EPC-010: Sync visar konflikt/error och stoppar automatisk write när revision inte matchar.,yes,implemented_first_slice,handoff_baseline_direct,Hantera molnkonflikt är implementerad i de listade artefakterna.,"src/app.js; src/domain.js; tests/domain.test.js",npm test,"npm test; Dev server responded with HTTP 200",DEC-016,,
US-087,story,Responsiv huvudnavigation,"EPC-010: Nav innehåller Översikt, Inköp, Statistik, Register, Data och Hjälp där relevant.",yes,implemented_first_slice,handoff_baseline_direct,Responsiv huvudnavigation är implementerad i de listade artefakterna.,"src/app.js; src/styles.css",,Dev server responded with HTTP 200,"DEC-001; TECH-001",,
US-088,story,Visa hjälpvy,"EPC-010: Hjälp förklarar plånbok, återkommande utgifter, inköp, signaler, import och data.",yes,implemented_first_slice,handoff_baseline_direct,Visa hjälpvy är implementerad i de listade artefakterna.,src/app.js,,Dev server responded with HTTP 200,,,
US-089,story,Visa tydliga tomlägen,EPC-011: Tomma paneler visar kort hjälptext och relevant primär action.,yes,implemented_first_slice,handoff_baseline_direct,Visa tydliga tomlägen är implementerad i de listade artefakterna.,"src/app.js; src/styles.css",,Dev server responded with HTTP 200,DEC-001,,
US-090,story,Använda modaler för skapande/redigering,"EPC-011: Utgift och köp öppnas i modal med stäng, avbryt och spara.",yes,implemented_first_slice,handoff_baseline_direct,Använda modaler för skapande/redigering är implementerad i de listade artefakterna.,"src/app.js; src/styles.css",,Dev server responded with HTTP 200,DEC-001,,
US-091,story,Använda drawer för detaljer,EPC-011: Utgiftsdetalj öppnas som sidopanel med åtgärder.,yes,implemented_first_slice,handoff_baseline_direct,Använda drawer för detaljer är implementerad i de listade artefakterna.,"src/app.js; src/styles.css",,Dev server responded with HTTP 200,DEC-001,,
US-092,story,Undvika överlappande text i mobil,"EPC-011: Belopp, chips, kort och knappar bryter rad eller justeras så innehåll inte kolliderar.",yes,implemented_first_slice,handoff_baseline_direct,Undvika överlappande text i mobil är implementerad i de listade artefakterna.,src/styles.css,,Dev server responded with HTTP 200,"DEC-001; TECH-001",,
US-093,story,Ha konsekvent signaldesign,"EPC-011: Samma signaler använder samma ikon, färgton och aktivt/inaktivt läge över appen.",yes,implemented_first_slice,handoff_baseline_direct,Ha konsekvent signaldesign är implementerad i de listade artefakterna.,"src/app.js; src/styles.css",,Dev server responded with HTTP 200,,,
US-094,story,Simulera bort återkommande utgift,EPC-011: Användaren kan markera utgift som simulerat borttagen från första möjliga månad.,yes,implemented_first_slice,handoff_baseline_direct,Simulera bort återkommande utgift är implementerad i de listade artefakterna.,"src/app.js; src/domain.js; src/styles.css; tests/domain.test.js",npm test,"npm test; Dev server responded with HTTP 200",DEC-010,,
US-095,story,Visa simulerad vy tydligt,EPC-011: Statistik visar banner och återställ-knapp när simulering är aktiv.,yes,implemented_first_slice,handoff_baseline_direct,Visa simulerad vy tydligt är implementerad i de listade artefakterna.,"src/app.js; src/domain.js; src/styles.css; tests/domain.test.js",npm test,"npm test; Dev server responded with HTTP 200",DEC-010,,
US-096,story,Återställa simulering,EPC-011: Alla simulerade borttagningar kan rensas i ett steg.,yes,implemented_first_slice,handoff_baseline_direct,Återställa simulering är implementerad i de listade artefakterna.,"src/app.js; src/domain.js; src/styles.css; tests/domain.test.js",npm test,"npm test; Dev server responded with HTTP 200",DEC-010,,
US-097,story,Slå på/av inköpsmodul,EPC-012: Data/inställning kan aktivera eller dölja inköpsvyn där state stödjer det.,yes,implemented_first_slice,handoff_baseline_direct,Slå på/av inköpsmodul är implementerad i de listade artefakterna.,"src/app.js; src/domain.js; tests/domain.test.js",npm test,"npm test; Dev server responded with HTTP 200",DEC-013,,
US-098,story,Växla planflagga,EPC-012: Plånbok har free/premium som lokal flagga utan verklig betalvägg.,yes,implemented_first_slice,handoff_baseline_direct,Växla planflagga är implementerad i de listade artefakterna.,"src/app.js; src/domain.js; tests/domain.test.js",npm test,"npm test; Dev server responded with HTTP 200",DEC-013,,
US-099,story,Visa lokal datarisk,"EPC-012: Data-vyn förklarar lokal lagring, browser-risk och backup/export.",yes,implemented_first_slice,handoff_baseline_direct,Visa lokal datarisk är implementerad i de listade artefakterna.,"src/app.js; src/storage.js",,Dev server responded with HTTP 200,"DEC-001; TECH-001",,
US-100,story,Rensa lokal data,"EPC-012: Reset rensar lokal state, datafilskoppling och cloud config efter explicit handling.",yes,implemented_first_slice,handoff_baseline_direct,Rensa lokal data är implementerad i de listade artefakterna.,"src/app.js; src/storage.js",,Dev server responded with HTTP 200,,,
ADD-001,post_handoff_user_rule,MasterCard PDF/Excel import specialiserad mot bifogade format,"US-045, US-046, US-047, US-063",partly,implemented,baseline_plus_user_rule,"CSV-importen från handoffen utökades efter användarens exempel med lokal parsning av MasterCard XLSX och PDF, inklusive förhandsgranskning.","src/mastercard-import.js; src/app.js; src/domain.js","tests/mastercard-import.test.js; tests/domain.test.js; npm test","Provided Excel sample parses 51 rows; provided PDF sample parses 51 rows; 41 tests passing",DEC-017,Ligger inom US-045 men den konkreta MasterCard-layouten kom efter handoffen.,PDF-parsern kan behöva fler layoutvarianter för andra kortutgivare.
ADD-002,post_handoff_user_rule,Ignorera importerade köp som redan finns som återkommande kostnad,"US-047, US-063",partly,implemented,baseline_plus_user_rule,Importförhandsgranskningen markerar rader som ignorerade när handlare/leverantör och belopp matchar en befintlig återkommande kostnad.,"src/domain.js; src/app.js","tests/domain.test.js; npm test",Import preview test verifies ignored recurring match,DEC-017,Regeln var användarspecificerad efter första implementeringen.,
ADD-003,post_handoff_visual_refinement,Ikoner och symboler i hela appen,"UX-001, US-087, US-089, US-090, US-092",partly,implemented,ux_refinement_inside_baseline,"Ett internt SVG-ikonset lades till för navigation, knappar, scorecards, panelrubriker, importytor och mobilnav.","src/app.js; src/styles.css","node --check src/app.js; npm test","Syntax check passed; 41 tests passing",,"Ingen extern ikonberoende infördes; följer local-first/no dependency-valet.",
ADD-004,post_handoff_ux_correction,Översikt separerar återkommande kostnader och enskilda inköp,"OUT-001, EP-003, EP-006, EP-008",yes,implemented,baseline_clarification,"Översikt blev en separat kontrollvy med återkommande kostnader och enskilda inköp i egna paneler, medan Återkommande behåller tidslinjen.","src/app.js; src/styles.css","overview smoke test; npm test","OVERVIEW_SMOKE_OK; 41 tests passing",,Byggdes efter användarfeedback om att Översikt och Återkommande var för lika.,
FIX-001,bug_fix,Refresh-krasch efter ikonpolish,"TECH-001, US-076",no,implemented,implementation_quality_fix,Flyttade initial render tills ikonregistret är initierat så refresh med sparad lokal data inte ger blank sida.,src/app.js,"SMOKE_OK; npm test","Smoke test with saved wallet data passed; 41 tests passing",,Kvalitetsfix orsakad av senare UI-polish.,
GAP-001,scope_out,Direkt bankintegration,Scope-out: direkt bankintegration,explicitly_excluded,not_implemented,intentional_scope_out,Ingen bankkoppling byggdes.,,,Traceability report scope-out section,,Detta är inte en miss utan ett uttryckligt scope-out.,"Kräver nytt beslut om bank/provider, säkerhet och samtycke."
GAP-002,deferred_decision,Riktig molnsync-transport,"US-085, US-086",partly,partially_implemented,requires_product_security_decision,"Lokal sync-konfiguration och konfliktdetektion finns, men ingen data skickas över nätverk.","src/app.js; src/domain.js",tests/domain.test.js,US-085/US-086 test verifies local config and conflict detection,DEC-016,Medvetet stoppat före riktig nätverkstransport för att undvika säkerhets-/providerbeslut utan godkännande.,Välj endpoint/protokoll/autentisering innan riktig sync byggs.
GAP-003,implementation_limitation,Native binär PDF-rapport,US-081,yes,partially_implemented,browser_print_to_pdf,Rapporten öppnas som lokal HTML och använder browserns print-to-PDF.,"src/storage.js; src/app.js",tests/storage.test.js,Printable report HTML test,DEC-016,Valt för dependency-free local-first implementation.,Native PDF kräver PDF-generator/dependency eller egen PDF-writer.
GAP-004,test_gap,Automatiserade browser-/E2E-tester,"TECH-001, UX-001",no,not_implemented,verification_gap,"Domän-, storage- och importtester finns; UI har smoke checks men inte full browserautomation.",tests/*.test.js,npm test,41 Node tests passing,,"Bra nästa kvalitetsskikt för navigation, modaler och importflöden.",Lägg till Playwright eller motsvarande om UI-regressioner ska fångas automatiskt.
